Handle,Title,Body (HTML),Vendor,Product Category,Type,Tags,Published,Option1 Name,Option1 Value,Option1 Linked To,Option2 Name,Option2 Value,Option2 Linked To,Option3 Name,Option3 Value,Option3 Linked To,Variant SKU,Variant Grams,Variant Inventory Tracker,Variant Inventory Policy,Variant Fulfillment Service,Variant Price,Variant Compare At Price,Variant Requires Shipping,Variant Taxable,Unit Price Total Measure,Unit Price Total Measure Unit,Unit Price Base Measure,Unit Price Base Measure Unit,Variant Barcode,Image Src,Image Position,Image Alt Text,Gift Card,SEO Title,SEO Description,Google Shopping / Google Product Category,Google Shopping / Gender,Google Shopping / Age Group,Google Shopping / MPN,Google Shopping / Condition,Google Shopping / Custom Product,Google Shopping / Custom Label 0,Google Shopping / Custom Label 1,Google Shopping / Custom Label 2,Google Shopping / Custom Label 3,Google Shopping / Custom Label 4,Característica 1 (product.metafields.custom.caracteristica_1),Característica 2 (product.metafields.custom.caracteristica_2),Característica 3 (product.metafields.custom.caracteristica_3),Característica 4 (product.metafields.custom.caracteristica_4),Característica 5 (product.metafields.custom.caracteristica_5),Característica 6 (product.metafields.custom.caracteristica_6),Contenido de caja (product.metafields.custom.contenido_de_caja),Descripción_1 (product.metafields.custom.descripcion_1),Especificaciones generales (product.metafields.custom.especificaciones_generales),SKU (product.metafields.custom.sku),Título característica 1 (product.metafields.custom.titulo_caracteristica_1),Título característica 2 (product.metafields.custom.titulo_caracteristica_2),Título característica 3 (product.metafields.custom.titulo_caracteristica_3),Título característica 4 (product.metafields.custom.titulo_caracteristica_4),Título característica 5 (product.metafields.custom.titulo_caracteristica_5),Título característica 6 (product.metafields.custom.titulo_caracteristica_6),Google: Custom Product (product.metafields.mm-google-shopping.custom_product),Color (product.metafields.shopify.color-pattern),Tipo de montura (product.metafields.shopify.mounting-type),Fuente de alimentación (product.metafields.shopify.power-source),Variant Image,Variant Weight Unit,Variant Tax Code,Cost per item,Status
filtro-de-repuesto-osmosis-inversa-aquaporin-inside-6-etapas-add583,Filtro de Repuesto Ósmosis Inversa Aquaporin 6 Etapas,"Cartucho de repuesto Philips ADD583/37 con tecnología de Ósmosis Inversa Aquaporin Inside. Su sistema de filtración profunda de 6 etapas retiene impurezas de hasta 0.0001 micras. Diseñado exclusivamente para el modelo ADD6928DG, ofrece un rendimiento óptimo por 1,000 litros o hasta 1 año, brindando agua segura y de sabor superior.<br><ul>
<br><li>Ósmosis Inversa Aquaporin Inside (6 etapas)</li>
<br>
</ul>",Philips,Sin categoría,"","",true,Title,Default Title,,,,,,,,ADD583/37,1700.0,shopify,deny,manual,2499.00,0.00,true,false,,,,,'840181302711,https://cdn.shopify.com/s/files/1/0612/5083/0433/files/2d4fd172-d126-48e1-806b-7080ae887e70.jpg?v=1781026601,1,jpg_1500x1500_71153940,false,,,,,,,,,,,,,,,,,,,,"• 1 x Cartucho de repuesto Philips ADD554/37
• Manual de usuario",,Cartucho All-in-One de 5 etapas. Capacidad de filtrado de ≈ 2000L. Sistema QuickTwist de fácil instalación. Materiales libres de BPA.,ADD554/37,,,,,,,,,,,,kg,,,active
filtro-de-repuesto-osmosis-inversa-aquaporin-inside-6-etapas-add583,,,,,,,,,,,,,,,,,,,,,,,,,,,,,,,https://cdn.shopify.com/s/files/1/0612/5083/0433/files/eb9bb2bc-7466-4b0b-b0af-f88d345832c0.jpg?v=1781026601,2,jpg_1500x1500_71165217,,,,,,,,,,,,,,,,,,,,,,,,,,,,,,,,,,,,,,,
filtro-de-repuesto-osmosis-inversa-aquaporin-inside-6-etapas-add583,,,,,,,,,,,,,,,,,,,,,,,,,,,,,,,https://cdn.shopify.com/s/files/1/0612/5083/0433/files/f566ed3a-9f57-47bb-bd76-c886547ee0fd.jpg?v=1781026601,3,jpg_1500x1500_71153941,,,,,,,,,,,,,,,,,,,,,,,,,,,,,,,,,,,,,,,
filtro-de-repuesto-osmosis-inversa-aquaporin-inside-6-etapas-add583,,,,,,,,,,,,,,,,,,,,,,,,,,,,,,,https://cdn.shopify.com/s/files/1/0612/5083/0433/files/0614f90c-5555-4665-9dc5-29070b071e33.jpg?v=1781026601,4,jpg_1500x1500_71153942,,,,,,,,,,,,,,,,,,,,,,,,,,,,,,,,,,,,,,,
filtro-de-repuesto-osmosis-inversa-aquaporin-inside-6-etapas-add583,,,,,,,,,,,,,,,,,,,,,,,,,,,,,,,https://cdn.shopify.com/s/files/1/0612/5083/0433/files/0ea83e19-b7a7-466d-9155-bb60c484f7e4.jpg?v=1781026601,5,jpg_1500x1500_71153943,,,,,,,,,,,,,,,,,,,,,,,,,,,,,,,,,,,,,,,
purificador-agua-philips-smosis-inversa-aquaporin-add5930,Purificador Ósmosis Inversa Aquaporin® Compacto + Botella,"Agua ultra pura con ingeniería espacial en tu cocina.Este purificador compacto integra la tecnología Aquaporin Inside, desarrollada y testeada en conjunto con la NASA y la ESA para la Estación Espacial Internacional. Su sistema de ósmosis inversa de alta precisión filtra partículas hasta los 0.0001 micrones, eliminando eficazmente TDS, plomo, PFAS, cromo III y calcio. Es la solución más avanzada y eficiente en espacio para garantizar agua segura y de sabor superior en el hogar. • Tecnología Bio-Inspirada de Membrana - Imita los canales de agua naturales del cuerpo humano • Sin Degradación - Mantiene eficiencia constante durante toda su vida útil (los RO tradicionales pierden 10-25% de efectividad) • Certificación NSF/ANSI 372 - Materiales libres de plomo certificados • Eco-Eficiente 3:1 - Desperdicia 70% menos agua que RO convencionales • Plug &amp; Play - Cero instalación de plomería, solo enchufar y usar • Tecnología Bio-Inspirada de Membrana - Imita los canales de agua naturales del cuerpo humano • Sin Degradación - Mantiene eficiencia constante durante toda su vida útil (los RO tradicionales pierden 10-25% de efectividad) • Certificación NSF/ANSI 372 - Materiales libres de plomo certificados • Eco-Eficiente 3:1 - Desperdicia 70% menos agua que RO convencionales • Plug &amp; Play - Cero instalación de plomería, solo enchufar y usar • Tecnología Bio-Inspirada de Membrana - Imita los canales de agua naturales del cuerpo humano • Sin Degradación - Mantiene eficiencia constante durante toda su vida útil (los RO tradicionales pierden 10-25% de efectividad) • Certificación NSF/ANSI 372 - Materiales libres de plomo certificados • Eco-Eficiente 3:1 - Desperdicia 70% menos agua que RO convencionales • Plug &amp; Play - Cero instalación de plomería, solo enchufar y usar<br><ul>
<br><li>• Tecnología Bio-Inspirada de Membrana - Imita los canales de agua naturales del cuerpo humano </li>
<br><li> • Sin Degradación - Mantiene eficiencia constante durante toda su vida útil (los RO tradicionales pierden 10-25% de efectividad) </li>
<br><li> • Certificación NSF/ANSI 372 - Materiales libres de plomo certificados </li>
<br><li> • Eco-Eficiente 3:1 - Desperdicia 70% menos agua que RO convencionales </li>
<br><li> • Plug &amp; Play - Cero instalación de plomería, solo enchufar y usar</li>
<br>
</ul>",Philips,Casa y jardín > Cocina y comedor > Electrodomésticos de cocina > Filtros de agua,"",#purificador #osmosis-inversa #sobremesa #aquaporin #sin-instalacion #compacto,true,Title,Default Title,,,,,,,,ADD5930BK/37,4100.0,shopify,deny,manual,6439.00,9199.00,true,false,,,,,'840181302025,https://cdn.shopify.com/s/files/1/0612/5083/0433/files/165e42d6-eb95-47b4-89d4-d12815ce5904.jpg?v=1779314245,1,jpg_1500x1500_70580395,false,,,765,,,,,,,,,,,"Philips incorpora la tecnología Aquaporin Inside®,  probada en misiones de  la NASA y ESA para garantizar la  máxima pureza.   Un estándar de  innovación científica ahora disponible  en tu hogar.","Nuestra membrana de Ósmosis Inversa de alta precisión filtra partículas hasta los 0.0001 micrones. Elimina eficazmente el 99.9% de metales pesados, microplásticos, PFAS y calcio, devolviéndole al agua su frescura y pureza original sin necesidad de instalación.",,,,,"1 x Purificador de Agua Philips ADD5930BK/37
1 x Filtro All-in-One RO (ADD554)
1 x Botella de vidrio (500 ml) con tapa de acero
1 x Bandeja de goteo extraíble
Manual de usuario","El Philips ADD5930BK integra la membrana de Ósmosis Inversa Aquaporin Inside® — tecnología biomimética desarrollada para proyectos aeroespaciales — con un diseño ultra compacto y eficiente.
Un equipo de sobremesa que simplemente se conecta a la corriente eléctrica.

¿Por qué Aquaporin Inside®?
- Filtración en 5 etapas a 0.0001 micrones: Elimina metales pesados, químicos (PFAS), microplásticos y bacterias c on precisión molecular.
- Eficiencia Eco-Sostenible 3:1: Ingeniería avanzada que desperdicia 70% menos agua que los sistemas de ósmosis inversa convencionales.
- Membrana de alto rendimiento: Mantiene una filtración constante de 2,000 L sin degradación, equivalente a 4,000 botellas de plástico.
- Diseño Compacto: Máxima potencia de purificación en un formato minimalista ideal para cualquier espacio o cocina.
- Plug & Play: Solo conéctalo a la corriente eléctrica. Sin perforaciones, sin mangueras, sin plomero.","Tecnología: Ósmosis Inversa RO Aquaporin Inside®
Filtro: All-in-One RO ADD554
Vida útil: Hasta 12 meses (2,000 litros)
Diseño: Compacto de sobremesa (14 cm de ancho)
Eficiencia: Sistema Eco-Eficaz 3:1 (Ahorro de agua)",ADD5930BK/37,Tecnología probada  en el espacio,Pureza Molecular en cada Gota,,,,,,black; plateado,mostrador,alimentado-por-ca,,kg,,,active
purificador-agua-philips-smosis-inversa-aquaporin-add5930,,,,,,,,,,,,,,,,,,,,,,,,,,,,,,,https://cdn.shopify.com/s/files/1/0612/5083/0433/files/4f874f2e-5b76-456e-a129-30df03653ece.jpg?v=1779314244,2,jpg_1500x1500_70351965,,,,,,,,,,,,,,,,,,,,,,,,,,,,,,,,,,,,,,,
purificador-agua-philips-smosis-inversa-aquaporin-add5930,,,,,,,,,,,,,,,,,,,,,,,,,,,,,,,https://cdn.shopify.com/s/files/1/0612/5083/0433/files/5d3f5883-20ce-4b19-9af4-ff7958170f26.jpg?v=1779314244,3,jpg_1500x1500_70351966,,,,,,,,,,,,,,,,,,,,,,,,,,,,,,,,,,,,,,,
purificador-agua-philips-smosis-inversa-aquaporin-add5930,,,,,,,,,,,,,,,,,,,,,,,,,,,,,,,https://cdn.shopify.com/s/files/1/0612/5083/0433/files/89329177-4140-4095-9e9d-0a5cac55f008.jpg?v=1779314244,4,jpg_1500x1500_70351979,,,,,,,,,,,,,,,,,,,,,,,,,,,,,,,,,,,,,,,
purificador-agua-philips-smosis-inversa-aquaporin-add5930,,,,,,,,,,,,,,,,,,,,,,,,,,,,,,,https://cdn.shopify.com/s/files/1/0612/5083/0433/files/caaa9e23-79cb-464e-9b90-a15efc2b2eae.jpg?v=1779314245,5,jpg_1500x1500_70351967,,,,,,,,,,,,,,,,,,,,,,,,,,,,,,,,,,,,,,,
purificador-agua-philips-smosis-inversa-aquaporin-add5930,,,,,,,,,,,,,,,,,,,,,,,,,,,,,,,https://cdn.shopify.com/s/files/1/0612/5083/0433/files/a0af10f7-73b4-4bcd-962f-3bf91310a9b0.jpg?v=1779314245,6,jpg_1500x1500_70351972,,,,,,,,,,,,,,,,,,,,,,,,,,,,,,,,,,,,,,,
purificador-agua-philips-smosis-inversa-aquaporin-add5930,,,,,,,,,,,,,,,,,,,,,,,,,,,,,,,https://cdn.shopify.com/s/files/1/0612/5083/0433/files/f17bc813-3da2-4ac1-a6f8-3bfc511cd4db.jpg?v=1779314245,7,jpg_1500x1500_70351973,,,,,,,,,,,,,,,,,,,,,,,,,,,,,,,,,,,,,,,
purificador-agua-philips-smosis-inversa-aquaporin-add5930,,,,,,,,,,,,,,,,,,,,,,,,,,,,,,,https://cdn.shopify.com/s/files/1/0612/5083/0433/files/4d62b555-09e3-44db-8264-95bfbe3ddb51.jpg?v=1779314245,8,jpg_1500x1500_70351975,,,,,,,,,,,,,,,,,,,,,,,,,,,,,,,,,,,,,,,
purificador-agua-philips-smosis-inversa-aquaporin-add5930,,,,,,,,,,,,,,,,,,,,,,,,,,,,,,,https://cdn.shopify.com/s/files/1/0612/5083/0433/files/48749259-4115-4ce2-ad88-b18b061392cf.jpg?v=1779314244,9,jpg_1500x1500_70351976,,,,,,,,,,,,,,,,,,,,,,,,,,,,,,,,,,,,,,,
purificador-agua-philips-osmosis-inversa-add6928,Purificador Ósmosis Inversa Premium Aquaporin® Agua Fría y Caliente 3 en 1,"Purificación de alto rendimiento con certificación NASA/ESA.Sistema de ósmosis inversa premium con tecnología de membrana biomimética Aquaporin Inside, probada por agencias espaciales para máxima retención de contaminantes. Filtra hasta 0.0001 micrones, eliminando metales pesados (plomo), químicos (PFAS) y exceso de sales. Incluye pantalla de monitoreo TDS en tiempo real, sistema UV-C bactericida y dispensador de agua fría, caliente y ambiente en un diseño de vanguardia. • Sistema RO 6 Etapas - Aquaporin Inside para máxima purificación • Calentamiento Flash - 95°C en 3 segundos (más rápido que hervidor) • Enfriamiento Rápido - Agua fría a 8°C siempre disponible • Dispensado Inteligente - Volúmenes programables (150ml, 300ml, personalizado) • Display Táctil Premium - Control total con interfaz elegante. • Sistema RO 6 Etapas - Aquaporin Inside para máxima purificación • Calentamiento Flash - 95°C en 3 segundos (más rápido que hervidor) • Enfriamiento Rápido - Agua fría a 8°C siempre disponible • Dispensado Inteligente - Volúmenes programables (150ml, 300ml, personalizado) • Display Táctil Premium - Control total con interfaz elegante.<br><ul>
<br><li>• Sistema RO 6 Etapas - Aquaporin Inside para máxima purificación </li>
<br><li> • Calentamiento Flash - 95°C en 3 segundos (más rápido que hervidor) </li>
<br><li> • Enfriamiento Rápido - Agua fría a 8°C siempre disponible </li>
<br><li> • Dispensado Inteligente - Volúmenes programables (150ml, 300ml, personalizado) </li>
<br><li> • Display Táctil Premium - Control total con interfaz elegante.</li>
<br>
</ul>",Philips,Equipamiento deportivo > Actividades al aire libre > Camping y senderismo > Purificadores y filtros de agua portátiles,"","#purificador #osmosis-inversa #sobremesa #aquaporin #sin-instalacion #compacto, Bestseller, Tendencia",true,Title,Default Title,,,,,,,,ADD6928DG/37,16000.0,shopify,deny,manual,13859.00,19799.00,true,false,,,,,'840181303114,https://cdn.shopify.com/s/files/1/0612/5083/0433/files/2e2f209f-46a4-488a-8e69-8697b51363ca.jpg?v=1778944593,1,jpg_1500x1500_70329069,false,,,1023,,,,,,,,,,,"Philips incorpora la tecnología Aquaporin Inside®,  probada en misiones de  la NASA y ESA para garantizar la  máxima pureza.   Un estándar de  innovación científica ahora disponible  en tu hogar.","No comprometas tu salud. Nuestra tecnología de filtración avanzada elimina eficazmente los microplásticos y compuestos PFAS, devolviéndole al agua su pureza original. Bebe con la confianza de que estás eliminando agentes nocivos de tu hidratación diaria.","Mantiene una tasa de eliminación de contaminantes por encima del 94% de forma constante.  Estabilidad Garantizada: Rendimiento de filtración probado y lineal hasta los 5,000 Litros de uso.",,,,"1 x Purificador de Agua Philips ADD6928DG/37
1 x Filtro All-in-One RO (ADD583) 
1 x Bandeja de goteo extraíble 
Manual de usuario","El Philips ADD6928DG integra la membrana de Ósmosis Inversa Aquaporin Inside® — tecnología biomimética desarrollada para proyectos aeroespaciales — con calentamiento rápido y desinfección UV-C continua. 
Un equipo de sobremesa que simplemente se conecta a la corriente eléctrica.

¿Por qué Aquaporin Inside®?
- Filtración en 6 etapas a 0.0001 micrones: Elimina metales pesados, químicos (PFAS), virus y bacterias con precisión molecular.
- Agua fría o caliente en 3 segundos: 8 °C para hidratación, 95 °C para té o café. 
- Desinfección UV-C las 24 horas: El sistema UV-LED interno elimina microorganismos en el tanque de 6 L.
- Pantalla táctil con monitor TDS: Programa volúmenes exactos (150 ml / 300 ml) y verifica la calidad del agua en tiempo real.
- Plug & Play: Solo conéctalo a la corriente eléctrica. Sin perforaciones, sin mangueras, sin plomero.","Tecnología: RO Aquaporin Inside® + UV-LED
Filtro: All-in-One RO ADD583/37 
Vida útil:  hasta 12 meses
Tanque: 6 litros
Temperaturas: 8 °C (fría) · 95 °C (caliente)",ADD6928DG/37,Tecnología probada  en el espacio,"Agua Pura, Cuerpo Sano",Reducción de TDS de Alto Nivel,,,,,,,,,kg,,,active
purificador-agua-philips-osmosis-inversa-add6928,,,,,,,,,,,,,,,,,,,,,,,,,,,,,,,https://cdn.shopify.com/s/files/1/0612/5083/0433/files/ed6078cc-3d1d-42d9-8c34-8f3908d577f7.jpg?v=1778944592,2,jpg_1500x1500_70329071,,,,,,,,,,,,,,,,,,,,,,,,,,,,,,,,,,,,,,,
purificador-agua-philips-osmosis-inversa-add6928,,,,,,,,,,,,,,,,,,,,,,,,,,,,,,,https://cdn.shopify.com/s/files/1/0612/5083/0433/files/83ad19af-4415-4142-80f8-883fa4c2adb7.jpg?v=1778944593,3,jpg_1500x1500_70329076,,,,,,,,,,,,,,,,,,,,,,,,,,,,,,,,,,,,,,,
purificador-agua-philips-osmosis-inversa-add6928,,,,,,,,,,,,,,,,,,,,,,,,,,,,,,,https://cdn.shopify.com/s/files/1/0612/5083/0433/files/4563d341-4fa6-4a80-a78c-b761a93f65ac.jpg?v=1778944593,4,jpg_1500x1500_70349212,,,,,,,,,,,,,,,,,,,,,,,,,,,,,,,,,,,,,,,
purificador-agua-philips-osmosis-inversa-add6928,,,,,,,,,,,,,,,,,,,,,,,,,,,,,,,https://cdn.shopify.com/s/files/1/0612/5083/0433/files/ba879ead-afb7-4fa8-b891-d43ff7b9740b.jpg?v=1778944592,5,jpg_1500x1500_70329077,,,,,,,,,,,,,,,,,,,,,,,,,,,,,,,,,,,,,,,
purificador-agua-philips-osmosis-inversa-add6928,,,,,,,,,,,,,,,,,,,,,,,,,,,,,,,https://cdn.shopify.com/s/files/1/0612/5083/0433/files/f01bb1e4-52cd-414c-8e71-8e76823d2d54.jpg?v=1778944592,6,jpg_1500x1500_70329078,,,,,,,,,,,,,,,,,,,,,,,,,,,,,,,,,,,,,,,
purificador-agua-philips-osmosis-inversa-add6928,,,,,,,,,,,,,,,,,,,,,,,,,,,,,,,https://cdn.shopify.com/s/files/1/0612/5083/0433/files/b4ffa133-1a9c-43a8-a4c6-07b2877111b7.jpg?v=1778944593,7,jpg_1500x1500_70329081,,,,,,,,,,,,,,,,,,,,,,,,,,,,,,,,,,,,,,,
purificador-agua-philips-osmosis-inversa-add6928,,,,,,,,,,,,,,,,,,,,,,,,,,,,,,,https://cdn.shopify.com/s/files/1/0612/5083/0433/files/48edfba1-b739-455e-adf3-e3b497ae096f.jpg?v=1778944592,8,jpg_1500x1500_70329084,,,,,,,,,,,,,,,,,,,,,,,,,,,,,,,,,,,,,,,
purificador-agua-philips-osmosis-inversa-add6928,,,,,,,,,,,,,,,,,,,,,,,,,,,,,,,https://cdn.shopify.com/s/files/1/0612/5083/0433/files/e3ded9ff-f3aa-4fd0-b502-7621c01eb5fd.jpg?v=1778944593,9,jpg_1500x1500_70329086,,,,,,,,,,,,,,,,,,,,,,,,,,,,,,,,,,,,,,,
purificador-agua-philips-osmosis-inversa-add6928,,,,,,,,,,,,,,,,,,,,,,,,,,,,,,,https://cdn.shopify.com/s/files/1/0612/5083/0433/files/a3bbee24-eafe-4a47-93c3-22b45a1d896e.jpg?v=1778944593,10,jpg_1500x1500_70329087,,,,,,,,,,,,,,,,,,,,,,,,,,,,,,,,,,,,,,,
cartucho-de-repuesto-philips-x-guard-ultra,Cartucho de Repuesto para Filtro Philips WS X-Guard Ultra,"Agua pura y fresca directamente del grifo con nuestro cartucho de ultrafiltración X-Guard Ultra.Con tecnología de fibra de carbono activado y membrana de fibra hueca, este filtro de 4 etapas reduce eficazmente hasta el 99.99% de bacterias, además de cloro, plomo, pesticidas, microplásticos y partículas hasta 0.1 micrones, mientras conserva los minerales esenciales para tu salud.Cada cartucho filtra hasta 1,200 litros (aproximadamente 7 meses de uso), equivalente a evitar 2,400 botellas de plástico de 500ml. Sistema QuickTwist para cambio rápido y sin herramientas Sistema QuickTwist para cambio rápido y sin herramientas Sistema QuickTwist para cambio rápido y sin herramientas Sistema QuickTwist para cambio rápido y sin herramientas Sistema QuickTwist para cambio rápido y sin herramientas Sistema QuickTwist para cambio rápido y sin herramientas Sistema QuickTwist para cambio rápido y sin herramientas Sistema QuickTwist para cambio rápido y sin herramientas<br><ul>
<br><li>Sistema QuickTwist para cambio rápido y sin herramientas</li>
<br>
</ul>",Philips,Sin categoría,"",#purificador-llave #instalacion-grifo #ultrafiltration #digital #facil-instalacion,true,Title,Default Title,,,,,,,,AWP315/10,50.0,shopify,deny,manual,489.00,699.00,true,false,,,,,'4897099302780,https://cdn.shopify.com/s/files/1/0612/5083/0433/files/19abf637-0474-4617-babc-b78cf7b5d896.jpg?v=1779134870,1,jpg_1500x1500_69350947,false,,,,,,,,,,,,,,,,,,,,1 filtro X-Guard Ultra,¡Asegura agua pura en tu hogar! Repuesto original Philips AWP315/10. - Elimina 99.99% de bacterias y microplásticos. Ultrafiltración de 0.1 micras. - Capacidad de 1200 L,"Tecnología: X-Guard Ultra
Filtro: de 4 etapas
Vida útil:  hasta 12 meses
Capacidad: hasta 1200 L de filtración",AWP315/10,,,,,,,,,,,,kg,,,active
cartucho-de-repuesto-philips-x-guard-ultra,,,,,,,,,,,,,,,,,,,,,,,,,,,,,,,https://cdn.shopify.com/s/files/1/0612/5083/0433/files/fba278d3-433d-416a-b0a5-4cf54a814c49_bb9cf2d3-dc85-4741-a227-332092d42f97.jpg?v=1779134870,2,jpg_1500x1500_69461464,,,,,,,,,,,,,,,,,,,,,,,,,,,,,,,,,,,,,,,
cartucho-de-repuesto-philips-x-guard-ultra,,,,,,,,,,,,,,,,,,,,,,,,,,,,,,,https://cdn.shopify.com/s/files/1/0612/5083/0433/files/b9ef5b91-da76-4798-b883-4f7fd9289b24.jpg?v=1779134870,3,jpg_1500x1500_69461352,,,,,,,,,,,,,,,,,,,,,,,,,,,,,,,,,,,,,,,
cartucho-de-repuesto-philips-x-guard-ultra,,,,,,,,,,,,,,,,,,,,,,,,,,,,,,,https://cdn.shopify.com/s/files/1/0612/5083/0433/files/bd241833-d774-4f89-acb8-53e1699b241d.jpg?v=1779134870,4,jpg_1500x1500_69461353,,,,,,,,,,,,,,,,,,,,,,,,,,,,,,,,,,,,,,,
cartucho-de-repuesto-philips-x-guard-ultra,,,,,,,,,,,,,,,,,,,,,,,,,,,,,,,https://cdn.shopify.com/s/files/1/0612/5083/0433/files/a14c892a-4240-4c68-9377-35e4dcee487a.jpg?v=1779134870,5,jpg_1500x1500_69461351,,,,,,,,,,,,,,,,,,,,,,,,,,,,,,,,,,,,,,,
cartucho-de-repuesto-philips-x-guard-ultra,,,,,,,,,,,,,,,,,,,,,,,,,,,,,,,https://cdn.shopify.com/s/files/1/0612/5083/0433/files/5e919041-d228-4978-a4ac-1aea553f4a2c.jpg?v=1779134871,6,jpg_1500x1500_69351091,,,,,,,,,,,,,,,,,,,,,,,,,,,,,,,,,,,,,,,
cartucho-de-repuesto-philips-x-guard-ultra,,,,,,,,,,,,,,,,,,,,,,,,,,,,,,,https://cdn.shopify.com/s/files/1/0612/5083/0433/files/ee93ee7d-52e8-4666-b34f-d3984442ae0f.jpg?v=1779134870,7,jpg_1500x1500_69351090,,,,,,,,,,,,,,,,,,,,,,,,,,,,,,,,,,,,,,,
cartucho-de-repuesto-philips-x-guard-ultra,,,,,,,,,,,,,,,,,,,,,,,,,,,,,,,https://cdn.shopify.com/s/files/1/0612/5083/0433/files/84c87e30-00e6-419f-af5d-485a4b8af72f.jpg?v=1779134870,8,jpg_1500x1500_69351089,,,,,,,,,,,,,,,,,,,,,,,,,,,,,,,,,,,,,,,
dispensador-de-agua-de-piso-philips-ws-con-tecnologia-uv-anti-bacterias-carga-inferior-y-agua-fria,Dispensador de Agua de Piso Philips WS Con Tecnología UV Anti-Bacterias | Carga Inferior y Agua Fría,"El Dispensador de Agua Philips ADD4963BK/85 es la solución más práctica para el hogar u oficina. Su diseño de Carga Inferior elimina la necesidad de levantar pesados garrafones, facilitando el reemplazo y manteniendo la estética. Ofrece Agua Fría, Caliente y Ambiente al instante, con un potente sistema de enfriamiento por compresor que asegura agua siempre helada. Incluye un bloqueo de seguridad para niños en el grifo caliente y una bandeja de goteo extraíble. Su acabado en color negro/gris complementa cualquier decoración. Incluye un bloqueo de seguridad para niños en el grifo caliente y una bandeja de goteo extraíble. Su acabado en color negro/gris complementa cualquier decoración. Incluye un bloqueo de seguridad para niños en el grifo caliente y una bandeja de goteo extraíble. Su acabado en color negro/gris complementa cualquier decoración. Incluye un bloqueo de seguridad para niños en el grifo caliente y una bandeja de goteo extraíble. Su acabado en color negro/gris complementa cualquier decoración. Incluye un bloqueo de seguridad para niños en el grifo caliente y una bandeja de goteo extraíble. Su acabado en color negro/gris complementa cualquier decoración. Incluye un bloqueo de seguridad para niños en el grifo caliente y una bandeja de goteo extraíble. Su acabado en color negro/gris complementa cualquier decoración. Incluye un bloqueo de seguridad para niños en el grifo caliente y una bandeja de goteo extraíble. Su acabado en color negro/gris complementa cualquier decoración. Incluye un bloqueo de seguridad para niños en el grifo caliente y una bandeja de goteo extraíble. Su acabado en color negro/gris complementa cualquier decoración. Incluye un bloqueo de seguridad para niños en el grifo caliente y una bandeja de goteo extraíble. Su acabado en color negro/gris complementa cualquier decoración. Incluye un bloqueo de seguridad para niños en el grifo caliente y una bandeja de goteo extraíble. Su acabado en color negro/gris complementa cualquier decoración.<br><ul>
<br><li>Incluye un bloqueo de seguridad para niños en el grifo caliente y una bandeja de goteo extraíble. Su acabado en color negro/gris complementa cualquier decoración.</li>
<br>
</ul>",Philips,Sin categoría,"",#purificador-llave #instalacion-grifo #ultrafiltration #digital #facil-instalacion,true,Title,Default Title,,,,,,,,ADD4963BK/85,16000.0,shopify,deny,manual,7489.00,10699.00,true,false,,,,,'840181303275,https://cdn.shopify.com/s/files/1/0612/5083/0433/files/48693b82-cae5-4868-825c-7d58feb28dcd.jpg?v=1778879261,1,jpg_1500x1500_69576832,false,,,,,,,,,,,,,,"El sistema Micro P-Clean filtra partículas de hasta 1 micra, ayudando a reducir eficazmente los microplásticos en el agua","Dado que no contiene cloro, las bacterias tienden a proliferar en el agua del dispensador o del depósito de agua fría. Por ello, hemos instalado tecnología avanzada de luz UV-LED en el depósito de agua fría, que elimina hasta el 99,9 % de las bacterias**. La luz UV-LED se activa durante 1 hora al conectar el dispensador a la corriente y funciona durante 1 hora cada 2 horas para garantizar la limpieza del agua.",Sistema de cambio de filtro QuickTwist para una fácil sustitución del filtro; no se necesita servicio técnico profesional.,"El botón de agua caliente cuenta con un bloqueo de seguridad integrado para prevenir accidentes por quemaduras, brindando tranquilidad en hogares con niños pequeños.","Obtén agua fría (≤10 °C), caliente (≥85 °C) o a temperatura ambiente de forma inmediata con solo presionar un botón, ideal para tés, cafés o hidratación rápida.",,,,,ADD4963BK/85,Filtración avanzada de microplásticos,"La luz UV-LED elimina el 99,9% de las bacterias en el depósito de agua fría.**",Cambio de filtro QuickTwist para una fácil sustitución del filtro.,Seguro para niños,Tres niveles al instante:,,,,,,,kg,,,active
dispensador-de-agua-de-piso-philips-ws-con-tecnologia-uv-anti-bacterias-carga-inferior-y-agua-fria,,,,,,,,,,,,,,,,,,,,,,,,,,,,,,,https://cdn.shopify.com/s/files/1/0612/5083/0433/files/b2594225-787c-449b-8796-6dab998d62e2.jpg?v=1778879261,2,jpg_1500x1500_69576833,,,,,,,,,,,,,,,,,,,,,,,,,,,,,,,,,,,,,,,
dispensador-de-agua-de-piso-philips-ws-con-tecnologia-uv-anti-bacterias-carga-inferior-y-agua-fria,,,,,,,,,,,,,,,,,,,,,,,,,,,,,,,https://cdn.shopify.com/s/files/1/0612/5083/0433/files/b388657c-6070-4def-8738-fbea2135b720.jpg?v=1778879261,3,jpg_1500x1500_69576827,,,,,,,,,,,,,,,,,,,,,,,,,,,,,,,,,,,,,,,
dispensador-de-agua-de-piso-philips-ws-con-tecnologia-uv-anti-bacterias-carga-inferior-y-agua-fria,,,,,,,,,,,,,,,,,,,,,,,,,,,,,,,https://cdn.shopify.com/s/files/1/0612/5083/0433/files/475ff579-678f-419f-84c9-499e46e95dc4.jpg?v=1778879261,4,jpg_1500x1500_69576828,,,,,,,,,,,,,,,,,,,,,,,,,,,,,,,,,,,,,,,
dispensador-de-agua-de-piso-philips-ws-con-tecnologia-uv-anti-bacterias-carga-inferior-y-agua-fria,,,,,,,,,,,,,,,,,,,,,,,,,,,,,,,https://cdn.shopify.com/s/files/1/0612/5083/0433/files/c4c48f4c-4af0-4ee5-b077-20885d226684.jpg?v=1778879261,5,jpg_1500x1500_69576829,,,,,,,,,,,,,,,,,,,,,,,,,,,,,,,,,,,,,,,
dispensador-de-agua-de-piso-philips-ws-con-tecnologia-uv-anti-bacterias-carga-inferior-y-agua-fria,,,,,,,,,,,,,,,,,,,,,,,,,,,,,,,https://cdn.shopify.com/s/files/1/0612/5083/0433/files/c1823996-27cb-44c9-80aa-07b8a403b855.jpg?v=1778879261,6,jpg_1500x1500_69576830,,,,,,,,,,,,,,,,,,,,,,,,,,,,,,,,,,,,,,,
dispensador-de-agua-philips-ws-con-filtracion-micro-x-clean-frio-y-caliente-instantaneo,Dispensador de Agua carga inferior con 3 temperaturas,"El Dispensador de Agua Philips ADD4962DG/85 combina la máxima comodidad con la seguridad de la purificación UV. Olvídese de levantar pesados garrafones: su sistema de Carga Inferior permite deslizar el botellón en la base. Disfrute de agua fría, caliente o ambiente al instante, sabiendo que su tanque de agua fría se autodesinfecta con tecnología UV-LED para eliminar hasta el 99.9% de las bacterias. Su diseño delgado y elegante en color oscuro es perfecto para cualquier cocina u oficina. Además, cuenta con un bloqueo de seguridad para niños en el grifo caliente y una bandeja de goteo extraíble para facilitar la limpieza. Disfrute de agua fría, caliente o ambiente al instante, sabiendo que su tanque de agua fría se autodesinfecta con tecnología UV-LED para eliminar hasta el 99.9% de las bacterias. Su diseño delgado y elegante en color oscuro es perfecto para cualquier cocina u oficina. Además, cuenta con un bloqueo de seguridad para niños en el grifo caliente y una bandeja de goteo extraíble para facilitar la limpieza. Disfrute de agua fría, caliente o ambiente al instante, sabiendo que su tanque de agua fría se autodesinfecta con tecnología UV-LED para eliminar hasta el 99.9% de las bacterias. Su diseño delgado y elegante en color oscuro es perfecto para cualquier cocina u oficina. Además, cuenta con un bloqueo de seguridad para niños en el grifo caliente y una bandeja de goteo extraíble para facilitar la limpieza. Disfrute de agua fría, caliente o ambiente al instante, sabiendo que su tanque de agua fría se autodesinfecta con tecnología UV-LED para eliminar hasta el 99.9% de las bacterias. Su diseño delgado y elegante en color oscuro es perfecto para cualquier cocina u oficina. Además, cuenta con un bloqueo de seguridad para niños en el grifo caliente y una bandeja de goteo extraíble para facilitar la limpieza. Disfrute de agua fría, caliente o ambiente al instante, sabiendo que su tanque de agua fría se autodesinfecta con tecnología UV-LED para eliminar hasta el 99.9% de las bacterias. Su diseño delgado y elegante en color oscuro es perfecto para cualquier cocina u oficina. Además, cuenta con un bloqueo de seguridad para niños en el grifo caliente y una bandeja de goteo extraíble para facilitar la limpieza. Disfrute de agua fría, caliente o ambiente al instante, sabiendo que su tanque de agua fría se autodesinfecta con tecnología UV-LED para eliminar hasta el 99.9% de las bacterias. Su diseño delgado y elegante en color oscuro es perfecto para cualquier cocina u oficina. Además, cuenta con un bloqueo de seguridad para niños en el grifo caliente y una bandeja de goteo extraíble para facilitar la limpieza. Disfrute de agua fría, caliente o ambiente al instante, sabiendo que su tanque de agua fría se autodesinfecta con tecnología UV-LED para eliminar hasta el 99.9% de las bacterias. Su diseño delgado y elegante en color oscuro es perfecto para cualquier cocina u oficina. Además, cuenta con un bloqueo de seguridad para niños en el grifo caliente y una bandeja de goteo extraíble para facilitar la limpieza. Disfrute de agua fría, caliente o ambiente al instante, sabiendo que su tanque de agua fría se autodesinfecta con tecnología UV-LED para eliminar hasta el 99.9% de las bacterias. Su diseño delgado y elegante en color oscuro es perfecto para cualquier cocina u oficina. Además, cuenta con un bloqueo de seguridad para niños en el grifo caliente y una bandeja de goteo extraíble para facilitar la limpieza. Disfrute de agua fría, caliente o ambiente al instante, sabiendo que su tanque de agua fría se autodesinfecta con tecnología UV-LED para eliminar hasta el 99.9% de las bacterias. Su diseño delgado y elegante en color oscuro es perfecto para cualquier cocina u oficina. Además, cuenta con un bloqueo de seguridad para niños en el grifo caliente y una bandeja de goteo extraíble para facilitar la limpieza.<br><ul>
<br><li>Disfrute de agua fría, caliente o ambiente al instante, sabiendo que su tanque de agua fría se autodesinfecta con tecnología UV-LED para eliminar hasta el 99.9% de las bacterias. Su diseño delgado y elegante en color oscuro es perfecto para cualquier cocina u oficina. Además, cuenta con un bloqueo de seguridad para niños en el grifo caliente y una bandeja de goteo extraíble para facilitar la limpieza.</li>
<br>
</ul>",Philips,Sin categoría,"",#dispensador #garrafon #uv #basico #agua-caliente #agua-fria,true,Title,Default Title,,,,,,,,ADD4962DG/85,17000.0,shopify,deny,manual,6509.00,9299.00,true,false,,,,,'840181303268,https://cdn.shopify.com/s/files/1/0612/5083/0433/files/cee25b90-fe66-46c2-9135-3099b3ca7e3a_e416fd98-fee5-49c8-9bff-8bfebafba24a.jpg?v=1779144993,1,jpg_1500x1500_69521796,false,,,,,,,,,,,,,,"Olvídate del agua templada. Equipado con un sistema de refrigeración por compresor de alta eficiencia, este dispensador garantiza agua verdaderamente fría y refrescante en minutos, incluso en los días más calurosos. Su tecnología de grado comercial ofrece una recuperación térmica ultra rápida y un rendimiento constante, asegurando un flujo continuo de agua helada ideal para toda la familia o entornos de oficina de alta demanda.","Ingeniería enfocada en el consumo inteligente y la estabilidad. El ADD4962DG cuenta con un sistema de aislamiento térmico de alta densidad en sus tanques internos que minimiza las pérdidas de calor y frío. Esta tecnología optimiza el uso de energía al mantener el agua a la temperatura ideal por mucho más tiempo sin encender constantemente el sistema, garantizando agua caliente o fría al instante con un consumo eléctrico altamente eficiente.","Diseñado para la tranquilidad de tu hogar. El grifo de agua caliente cuenta con un mecanismo de bloqueo físico de doble acción que evita accidentes y dispensaciones involuntarias por parte de niños. Esta tecnología de protección infantil garantiza el acceso inmediato a agua a altas temperaturas para tus bebidas o alimentos instantáneos, manteniendo un entorno completamente seguro para toda la familia.","Un mecanismo de seguridad electromecánico integrado en el selector de agua caliente que interrumpe el flujo de forma instantánea, diseñado para prevenir accidentes térmicos en el hogar.","Equipado con sensores térmicos internos que monitorean constantemente el agua, activando el sistema de calentamiento o enfriamiento solo cuando es estrictamente necesario para mantener la estabilidad del grado térmico.","Utiliza una bomba de succión de bajo decibelio que transporta el agua desde la base inferior hacia los tanques internos sin generar vibraciones molestas, ideal para espacios de oficina o salas de estar.","1 Dispensador de Agua de carga inferior
1 Tapa de garrafón con manguera de succión
1 Charola de goteo extraíble
1 Manual de usuario y Póliza de garantía.","Dispensador esencial de garrafón con tres temperaturas para agua más segura y fresca todos los días. Equipo funcional y práctico diseñado para ofrecer un flujo rápido de agua fría, caliente y natural al instante.
Diseño moderno en gris oscuro con sistema de carga inferior que permite ocultar el garrafón en la base, eliminando por completo el esfuerzo físico de levantar peso. Ideal para tu hogar, oficina o negocio; solo conecta, coloca el garrafón estándar y comienza a disfrutar de hidratación inmediata a la temperatura que necesites con controles independientes.","Temperaturas: Fría, Caliente y Ambiente
Sistema de Carga: Inferior con manguera integrada
Compatibilidad: Garrafones estándar de 10L y 20L
Diseño: Estructura vertical de piso con compartimento oculto para garrafón",ADD4962DG/85,Enfriamiento de Alto Rendimiento por Compresor,Sistema de Rendimiento Térmico Eficiente,Sistema de Seguridad Anti-Quemaduras,Child Lock System,Control de Temperatura Inteligente,Sistema de Bombeo Silencioso,,,,,,kg,,,active
dispensador-de-agua-philips-ws-con-filtracion-micro-x-clean-frio-y-caliente-instantaneo,,,,,,,,,,,,,,,,,,,,,,,,,,,,,,,https://cdn.shopify.com/s/files/1/0612/5083/0433/files/42e71374-7bac-423d-9205-3320ea836de1.jpg?v=1779144993,2,jpg_1500x1500_69521797,,,,,,,,,,,,,,,,,,,,,,,,,,,,,,,,,,,,,,,
dispensador-de-agua-philips-ws-con-filtracion-micro-x-clean-frio-y-caliente-instantaneo,,,,,,,,,,,,,,,,,,,,,,,,,,,,,,,https://cdn.shopify.com/s/files/1/0612/5083/0433/files/8af0ed50-76ac-4625-895b-31fa908bbb04.jpg?v=1779144993,3,jpg_1500x1500_69521795,,,,,,,,,,,,,,,,,,,,,,,,,,,,,,,,,,,,,,,
dispensador-de-agua-philips-ws-con-filtracion-micro-x-clean-frio-y-caliente-instantaneo,,,,,,,,,,,,,,,,,,,,,,,,,,,,,,,https://cdn.shopify.com/s/files/1/0612/5083/0433/files/ccd65494-d53b-4d4d-b23b-4348ad978ed9.jpg?v=1779144993,4,jpg_1500x1500_69521794,,,,,,,,,,,,,,,,,,,,,,,,,,,,,,,,,,,,,,,
dispensador-de-agua-philips-ws-con-filtracion-micro-x-clean-frio-y-caliente-instantaneo,,,,,,,,,,,,,,,,,,,,,,,,,,,,,,,https://cdn.shopify.com/s/files/1/0612/5083/0433/files/cdfe1a6f-280a-4d05-9f02-0e5b180be32d.jpg?v=1779144993,5,jpg_1500x1500_69521793,,,,,,,,,,,,,,,,,,,,,,,,,,,,,,,,,,,,,,,
dispensador-de-garrafon-premium-filtracion-micro-p-clean-uv,Dispensador de Garrafón Premium Filtración UV-LED y Micro P-Clean,"El Purificador de Agua Instantáneo Philips ADD4969BK/85 ofrece agua de gran sabor y pureza sin necesidad de instalación. Su tecnología de filtración Micro X-Clean reduce eficazmente el cloro y las impurezas para mejorar notablemente el sabor del agua del grifo. Simplemente llene el tanque, y el purificador dispensará agua filtrada al instante. Su diseño compacto lo hace ideal para cocinas, oficinas pequeñas o dormitorios. Es la alternativa más cómoda y ecológica al agua embotellada. Simplemente llene el tanque, y el purificador dispensará agua filtrada al instante. Su diseño compacto lo hace ideal para cocinas, oficinas pequeñas o dormitorios. Es la alternativa más cómoda y ecológica al agua embotellada. Simplemente llene el tanque, y el purificador dispensará agua filtrada al instante. Su diseño compacto lo hace ideal para cocinas, oficinas pequeñas o dormitorios. Es la alternativa más cómoda y ecológica al agua embotellada. Simplemente llene el tanque, y el purificador dispensará agua filtrada al instante. Su diseño compacto lo hace ideal para cocinas, oficinas pequeñas o dormitorios. Es la alternativa más cómoda y ecológica al agua embotellada. Simplemente llene el tanque, y el purificador dispensará agua filtrada al instante. Su diseño compacto lo hace ideal para cocinas, oficinas pequeñas o dormitorios. Es la alternativa más cómoda y ecológica al agua embotellada. Simplemente llene el tanque, y el purificador dispensará agua filtrada al instante. Su diseño compacto lo hace ideal para cocinas, oficinas pequeñas o dormitorios. Es la alternativa más cómoda y ecológica al agua embotellada. Simplemente llene el tanque, y el purificador dispensará agua filtrada al instante. Su diseño compacto lo hace ideal para cocinas, oficinas pequeñas o dormitorios. Es la alternativa más cómoda y ecológica al agua embotellada. Simplemente llene el tanque, y el purificador dispensará agua filtrada al instante. Su diseño compacto lo hace ideal para cocinas, oficinas pequeñas o dormitorios. Es la alternativa más cómoda y ecológica al agua embotellada. Simplemente llene el tanque, y el purificador dispensará agua filtrada al instante. Su diseño compacto lo hace ideal para cocinas, oficinas pequeñas o dormitorios. Es la alternativa más cómoda y ecológica al agua embotellada. Simplemente llene el tanque, y el purificador dispensará agua filtrada al instante. Su diseño compacto lo hace ideal para cocinas, oficinas pequeñas o dormitorios. Es la alternativa más cómoda y ecológica al agua embotellada. Simplemente llene el tanque, y el purificador dispensará agua filtrada al instante. Su diseño compacto lo hace ideal para cocinas, oficinas pequeñas o dormitorios. Es la alternativa más cómoda y ecológica al agua embotellada.<br><ul>
<br><li>Simplemente llene el tanque, y el purificador dispensará agua filtrada al instante. Su diseño compacto lo hace ideal para cocinas, oficinas pequeñas o dormitorios. Es la alternativa más cómoda y ecológica al agua embotellada.</li>
<br>
</ul>",Philips,Sin categoría,"",#dispensador-premium #garrafon #filtro #microplasticos #uv #inoxidable,true,Title,Default Title,,,,,,,,ADD4969BK/85,16400.0,shopify,deny,manual,8399.00,11999.00,true,false,,,,,'840181303282,https://cdn.shopify.com/s/files/1/0612/5083/0433/files/21eb2510-a875-4ef1-b725-5c5cadcf1c08.jpg?v=1778879275,1,jpg_1500x1500_70428532,false,,,,,,,,,,,,,,"Tecnología de bloque de carbón de alta densidad que retiene microplásticos y contaminantes químicos, transformando el agua de garrafón común en agua de pureza superior con un rendimiento de larga duración.","El dispensador piensa por ti. Su monitor inteligente ClearSmart te alerta mediante un indicador luminoso exactamente cuándo es el momento ideal para cambiar el filtro (el cual rinde hasta 4,000 litros o un año de uso**). Cuando llegue el día, el diseño ergonómico QuickTwist te permite extraer e instalar el nuevo cartucho en segundos, sin herramientas ni derrames.","Simplifica tu rutina con nuestro sistema de carga inferior. El garrafón se oculta discretamente en la base del equipo, eliminando por completo el esfuerzo de levantar recipientes pesados y manteniendo la estética elegante y minimalista de tus espacios totalmente intacta.","Obtén agua fría, caliente o a temperatura natural de forma inmediata con controles independientes. Cubre todas tus necesidades, desde bebidas refrescantes hasta el café de la mañana.","El control de agua caliente cuenta con un bloqueo físico de seguridad diseñado para evitar activaciones accidentales y prevenir quemaduras, brindando total tranquilidad a los hogares con niños pequeños.","El nicho de servicio ofrece una altura y profundidad excepcionales, permitiendo llenar con absoluta comodidad desde vasos estándar hasta termos deportivos de gran capacidad, jarras y ollas de cocina.","1 x Dispensador de Agua Philips Premium ADD4969BK/85
1 x Filtro Micro P-Clean (ADD502)
1 x Tapa de garrafón con manguera de acero inoxidable
1 x Bandeja de goteo extraíble
Manual de usuario y Garantía","El Philips ADD4969BK integra el sistema de filtración Micro P-Clean con tecnología de desinfección UV-LED continua y un diseño de carga inferior en acero inoxidable.
Un equipo de alto rendimiento que elimina el esfuerzo de cargar garrafones pesados mientras garantiza agua pura 24/7.

¿Por qué elegir el Sistema UV-LED y Micro P-Clean?
- Desinfección UV-LED las 24 horas: El sistema UV-LED interno elimina el 99.9% de microorganismos y bacterias en el tanque de agua fría de forma constante.
- Filtración Micro P-Clean: Retiene hasta el 99% de microplásticos y reduce el cloro, mejorando drásticamente el sabor y la pureza del agua.
- Carga Inferior: Diseño ergonómico que permite ocultar el garrafón en la base. Olvídate de levantar peso y protege la estética de tu cocina.
- Tres Temperaturas al Instante: Obtén agua fría, caliente o ambiente mediante un sistema de flujo rápido, ideal para hidratación o bebidas calientes.
- Indicador Inteligente ClearSmart: El panel te notifica con precisión el momento exacto para reemplazar el filtro, asegurando que nunca bebas agua sin protección.","Tecnología: UV-LED + Filtración Micro P-Clean
Vida útil: Hasta 4,000 litros (12 meses aprox.)
Temperaturas: Fría, Caliente y Ambiente
Compatibilidad: Garrafones de 10L y 20L",ADD4969BK/85,Poder de Filtración Micro P-Clean,Tecnología ClearSmart y reemplazo QuickTwist,Diseño inteligente de carga inferior,Hidratación a tu medida,Protección integrada,Máxima versatilidad,,,,,,kg,,,active
dispensador-de-garrafon-premium-filtracion-micro-p-clean-uv,,,,,,,,,,,,,,,,,,,,,,,,,,,,,,,https://cdn.shopify.com/s/files/1/0612/5083/0433/files/89b6aecc-cd0f-4d37-925e-ab046ca1e493.jpg?v=1778879276,2,jpg_1500x1500_70428529,,,,,,,,,,,,,,,,,,,,,,,,,,,,,,,,,,,,,,,
dispensador-de-garrafon-premium-filtracion-micro-p-clean-uv,,,,,,,,,,,,,,,,,,,,,,,,,,,,,,,https://cdn.shopify.com/s/files/1/0612/5083/0433/files/c94a9584-fa50-4183-9100-26c52384eec0.jpg?v=1778879276,3,jpg_1500x1500_70428528,,,,,,,,,,,,,,,,,,,,,,,,,,,,,,,,,,,,,,,
dispensador-de-garrafon-premium-filtracion-micro-p-clean-uv,,,,,,,,,,,,,,,,,,,,,,,,,,,,,,,https://cdn.shopify.com/s/files/1/0612/5083/0433/files/5c63162c-29a0-4754-938a-6d1d16dcff37.jpg?v=1778879276,4,jpg_1500x1500_70428527,,,,,,,,,,,,,,,,,,,,,,,,,,,,,,,,,,,,,,,
dispensador-de-garrafon-premium-filtracion-micro-p-clean-uv,,,,,,,,,,,,,,,,,,,,,,,,,,,,,,,https://cdn.shopify.com/s/files/1/0612/5083/0433/files/b8bc8ab0-9c2a-48aa-b88c-86c63d24311a.jpg?v=1778879276,5,jpg_1500x1500_70428530,,,,,,,,,,,,,,,,,,,,,,,,,,,,,,,,,,,,,,,
dispensador-de-garrafon-premium-filtracion-micro-p-clean-uv,,,,,,,,,,,,,,,,,,,,,,,,,,,,,,,https://cdn.shopify.com/s/files/1/0612/5083/0433/files/31bcd707-da3d-4b55-ad96-5d4ffeca5642.jpg?v=1778879276,6,jpg_1500x1500_70428525,,,,,,,,,,,,,,,,,,,,,,,,,,,,,,,,,,,,,,,
dispensador-de-garrafon-premium-filtracion-micro-p-clean-uv,,,,,,,,,,,,,,,,,,,,,,,,,,,,,,,https://cdn.shopify.com/s/files/1/0612/5083/0433/files/5c101687-9f96-42fc-a3cd-7694f1d23685.jpg?v=1778879276,7,jpg_1500x1500_69522605,,,,,,,,,,,,,,,,,,,,,,,,,,,,,,,,,,,,,,,
dispensador-de-garrafon-premium-filtracion-micro-p-clean-uv,,,,,,,,,,,,,,,,,,,,,,,,,,,,,,,https://cdn.shopify.com/s/files/1/0612/5083/0433/files/5a688310-6e96-4044-9f1f-61a5d80aa785.jpg?v=1778879276,8,jpg_1500x1500_69522604,,,,,,,,,,,,,,,,,,,,,,,,,,,,,,,,,,,,,,,
dispensador-de-garrafon-premium-filtracion-micro-p-clean-uv,,,,,,,,,,,,,,,,,,,,,,,,,,,,,,,https://cdn.shopify.com/s/files/1/0612/5083/0433/files/230e4050-5712-443d-bf22-9cbe780809ba.jpg?v=1778879276,9,jpg_1500x1500_69522606,,,,,,,,,,,,,,,,,,,,,,,,,,,,,,,,,,,,,,,
cartucho-de-repuesto-para-purificador-micro-p-clean,Cartucho de Repuesto para Purificador Micro P-Clean,"Mantén tu dispensador de garrafón Philips Premium funcionando en óptimas condiciones con nuestro filtro de repuesto oficial Micro P-Clean.Este filtro de bloque de carbón de alta eficiencia trabaja en conjunto con la tecnología UV-LED del dispensador para proporcionar una purificación completa. Reduce eficazmente cloro, sedimentos y mejora el sabor del agua. Compatible exclusivamente con el Dispensador de Garrafón Philips Premium modelo ADD4969BK/85. Compatible exclusivamente con el Dispensador de Garrafón Philips Premium modelo ADD4969BK/85. Compatible exclusivamente con el Dispensador de Garrafón Philips Premium modelo ADD4969BK/85. Compatible exclusivamente con el Dispensador de Garrafón Philips Premium modelo ADD4969BK/85. Compatible exclusivamente con el Dispensador de Garrafón Philips Premium modelo ADD4969BK/85. Compatible exclusivamente con el Dispensador de Garrafón Philips Premium modelo ADD4969BK/85. Compatible exclusivamente con el Dispensador de Garrafón Philips Premium modelo ADD4969BK/85. Compatible exclusivamente con el Dispensador de Garrafón Philips Premium modelo ADD4969BK/85. Compatible exclusivamente con el Dispensador de Garrafón Philips Premium modelo ADD4969BK/85. Compatible exclusivamente con el Dispensador de Garrafón Philips Premium modelo ADD4969BK/85. Compatible exclusivamente con el Dispensador de Garrafón Philips Premium modelo ADD4969BK/85. Compatible exclusivamente con el Dispensador de Garrafón Philips Premium modelo ADD4969BK/85.<br><ul>
<br><li>Compatible exclusivamente con el Dispensador de Garrafón Philips Premium modelo ADD4969BK/85.</li>
<br>
</ul>",Philips,Casa y jardín > Cocina y comedor > Electrodomésticos de cocina > Filtros de agua,"",#REPUESTO #CARTUCHO #FILTRACIÓN #AGUA #PHILIPS,true,Title,Default Title,,,,,,,,ADD502,400.0,shopify,deny,manual,669.00,899.00,true,false,,,,,'840181303299,https://cdn.shopify.com/s/files/1/0612/5083/0433/files/bd7af76e-be05-4958-b08e-9438ce2ff72b.jpg?v=1779128847,1,jpg_1500x1500_69576914,false,,,765,,,,,,,,,,,,,,,,,1 filtro micro P Clean,¡Asegura agua pura en tu hogar! Repuesto original Philips ADD502/00. - Elimina microplásticos y hasta el 99% de cloro. Tecnología Micro P-Clean. - Capacidad de 4000 L (1 año de uso aprox.).,"Tecnología: Micro P Clean
Filtro de carbón activado en bloque
Vida útil aproximada: 1 año (12 meses aproximadamente, dependiendo de la calidad del agua local y el consumo).
Capacidad de filtración: Hasta 4,000 L",ADD502/00,,,,,,,,blanco,,,,kg,,,active
cartucho-de-repuesto-para-purificador-micro-p-clean,,,,,,,,,,,,,,,,,,,,,,,,,,,,,,,https://cdn.shopify.com/s/files/1/0612/5083/0433/files/d61b08d9-63f8-4c41-b5cc-6478ab4f96e8_71363678-2148-4acc-9785-e6a1114687e5.jpg?v=1779128847,2,jpg_1500x1500_69461561,,,,,,,,,,,,,,,,,,,,,,,,,,,,,,,,,,,,,,,
cartucho-de-repuesto-para-purificador-micro-p-clean,,,,,,,,,,,,,,,,,,,,,,,,,,,,,,,https://cdn.shopify.com/s/files/1/0612/5083/0433/files/53d63bde-bb90-4962-9150-164e462b1197.jpg?v=1779128847,3,jpg_1500x1500_69457425,,,,,,,,,,,,,,,,,,,,,,,,,,,,,,,,,,,,,,,
cartucho-de-repuesto-para-purificador-micro-p-clean,,,,,,,,,,,,,,,,,,,,,,,,,,,,,,,https://cdn.shopify.com/s/files/1/0612/5083/0433/files/afbaf411-8cf2-4754-9447-23f5ed9c4c5a.jpg?v=1779128847,4,jpg_1500x1500_69457165,,,,,,,,,,,,,,,,,,,,,,,,,,,,,,,,,,,,,,,
cartucho-de-repuesto-para-purificador-micro-p-clean,,,,,,,,,,,,,,,,,,,,,,,,,,,,,,,https://cdn.shopify.com/s/files/1/0612/5083/0433/files/1222bc46-fbd4-4bd3-88b0-75538371270c_84707fd5-ee4e-42b0-a9e6-4765e1131b1d.jpg?v=1779128847,5,jpg_1500x1500_69457456,,,,,,,,,,,,,,,,,,,,,,,,,,,,,,,,,,,,,,,
filtro-agua-grifo-philips-ultra-filtracion-x-guard-digital-awp3756,Filtro de Agua Grifo Ultra-Filtración X-Guard Indicador Digital,"El Filtro de Agua para Grifo Philips AWP3756P1/10 ofrece la máxima purificación directamente en su llave. Su tecnología Ultra-Filtración X-Guard Ultra reduce hasta el 99.99% de las bacterias, plomo, cloro y microplásticos. Cuenta con una Pantalla Digital LCD que muestra la vida útil restante del filtro, asegurando que siempre beba agua de la mejor calidad. Es de fácil instalación, no requiere herramientas y permite cambiar entre agua filtrada y no filtrada gracias a sus 3 modos de flujo para ahorrar vida útil del cartucho. Es de fácil instalación, no requiere herramientas y permite cambiar entre agua filtrada y no filtrada gracias a sus 3 modos de flujo para ahorrar vida útil del cartucho. Es de fácil instalación, no requiere herramientas y permite cambiar entre agua filtrada y no filtrada gracias a sus 3 modos de flujo para ahorrar vida útil del cartucho. Es de fácil instalación, no requiere herramientas y permite cambiar entre agua filtrada y no filtrada gracias a sus 3 modos de flujo para ahorrar vida útil del cartucho. Es de fácil instalación, no requiere herramientas y permite cambiar entre agua filtrada y no filtrada gracias a sus 3 modos de flujo para ahorrar vida útil del cartucho. Es de fácil instalación, no requiere herramientas y permite cambiar entre agua filtrada y no filtrada gracias a sus 3 modos de flujo para ahorrar vida útil del cartucho. Es de fácil instalación, no requiere herramientas y permite cambiar entre agua filtrada y no filtrada gracias a sus 3 modos de flujo para ahorrar vida útil del cartucho. Es de fácil instalación, no requiere herramientas y permite cambiar entre agua filtrada y no filtrada gracias a sus 3 modos de flujo para ahorrar vida útil del cartucho. Es de fácil instalación, no requiere herramientas y permite cambiar entre agua filtrada y no filtrada gracias a sus 3 modos de flujo para ahorrar vida útil del cartucho. Es de fácil instalación, no requiere herramientas y permite cambiar entre agua filtrada y no filtrada gracias a sus 3 modos de flujo para ahorrar vida útil del cartucho. Es de fácil instalación, no requiere herramientas y permite cambiar entre agua filtrada y no filtrada gracias a sus 3 modos de flujo para ahorrar vida útil del cartucho. Es de fácil instalación, no requiere herramientas y permite cambiar entre agua filtrada y no filtrada gracias a sus 3 modos de flujo para ahorrar vida útil del cartucho.<br><ul>
<br><li>Es de fácil instalación, no requiere herramientas y permite cambiar entre agua filtrada y no filtrada gracias a sus 3 modos de flujo para ahorrar vida útil del cartucho.</li>
<br>
</ul>",Philips,Sin categoría,"",#purificador-llave #instalacion-grifo #ultrafiltration #digital #facil-instalacion,true,Title,Default Title,,,,,,,,AWP3756P1/10,500.0,shopify,deny,manual,1049.00,1499.00,true,false,,,,,'4895244612449,https://cdn.shopify.com/s/files/1/0612/5083/0433/files/eece8834-c16c-42a0-9395-bee47b73709f.jpg?v=1778879263,1,jpg_1500x1500_70362229,false,,,,,,,,,,,,,,"Su membrana de fibra hueca de 4 etapas elimina el 99.99% de bacterias, plomo y microplásticos hasta 0.1 micrones, conservando los minerales esenciales del agua.",La pantalla LCD integrada rastrea el volumen de filtración en tiempo real y te alerta exactamente cuándo reemplazar el cartucho para garantizar máxima pureza siempre.,"Selector ergonómico para alternar fácilmente entre agua purificada (beber), modo regadera (lavar vegetales) o chorro convencional (lavar platos), optimizando la vida útil del filtro.",,,,"1 x Purificador de Agua para Llave Philips AWP3756P1/10
1 x Cartucho de Ultrafiltración (AWP315)
4 x Adaptadores universales para distintos grifos
Manual de instalación rápida","El Philips AWP3756 integra la membrana de Ultrafiltración X-Guard Ultra — tecnología de fibra hueca de 4 etapas — con un sistema de monitoreo digital avanzado y selector de flujo ergonómico.
Un equipo On-Tap que simplemente se enrosca a tu grifo en segundos.

¿Por qué X-Guard Ultra?
- Ultrafiltración a 0.1 micrones: Elimina eficazmente el 99.99% de bacterias, plomo, cloro y microplásticos, conservando los minerales esenciales.
- Pantalla LCD con contador: Monitorea la vida útil del filtro en tiempo real; el display te indica exactamente cuántos litros de pureza quedan.
- Selector de 3 Modos de Flujo: Alterna instantáneamente entre agua filtrada para beber, modo spray para alimentos o chorro para limpieza.
- Instalación On-Tap en 60 segundos: Incluye adaptadores universales para una conexión directa y sencilla a casi cualquier grifo estándar.
- Plug & Play: Sin herramientas, sin perforaciones y sin necesidad de plomero. La solución ideal para departamentos y espacios prácticos.","Tecnología: Ultrafiltración X-Guard Ultra (4 etapas)
Filtro: Cartucho X-Guard Ultra AWP315P1/10
Vida útil: Hasta 1,200 litros (aprox. 8 - 12 meses)
Flujo de agua: 1.6 litros por minuto
Indicador: Pantalla Digital LCD (conteo por litros)
Modos de flujo: 3 opciones (Filtrada, Regadera, Chorro)",AWP3756P1/10,Ultrafiltración X-Guard Ultra,Monitoreo Digital Inteligente,Control de Flujo 3-en-1,,,,,,,,,kg,,,active
filtro-agua-grifo-philips-ultra-filtracion-x-guard-digital-awp3756,,,,,,,,,,,,,,,,,,,,,,,,,,,,,,,https://cdn.shopify.com/s/files/1/0612/5083/0433/files/742d2f18-d316-4538-a508-e3319b182d02.jpg?v=1778879263,2,jpg_1500x1500_70362231,,,,,,,,,,,,,,,,,,,,,,,,,,,,,,,,,,,,,,,
filtro-agua-grifo-philips-ultra-filtracion-x-guard-digital-awp3756,,,,,,,,,,,,,,,,,,,,,,,,,,,,,,,https://cdn.shopify.com/s/files/1/0612/5083/0433/files/15c2bed2-954e-4b83-9e1f-36bb3450cdfd.jpg?v=1778879263,3,jpg_1500x1500_69172220,,,,,,,,,,,,,,,,,,,,,,,,,,,,,,,,,,,,,,,
filtro-agua-grifo-philips-ultra-filtracion-x-guard-digital-awp3756,,,,,,,,,,,,,,,,,,,,,,,,,,,,,,,https://cdn.shopify.com/s/files/1/0612/5083/0433/files/f33e232e-70c0-4018-b239-905a8c01b56c.jpg?v=1778879263,4,jpg_1500x1500_70362232,,,,,,,,,,,,,,,,,,,,,,,,,,,,,,,,,,,,,,,
filtro-agua-grifo-philips-ultra-filtracion-x-guard-digital-awp3756,,,,,,,,,,,,,,,,,,,,,,,,,,,,,,,https://cdn.shopify.com/s/files/1/0612/5083/0433/files/8683f303-9b4c-4c20-88cb-7de7f0c7e9d3.jpg?v=1778879263,5,jpg_1500x1500_70362233,,,,,,,,,,,,,,,,,,,,,,,,,,,,,,,,,,,,,,,
filtro-agua-grifo-philips-ultra-filtracion-x-guard-digital-awp3756,,,,,,,,,,,,,,,,,,,,,,,,,,,,,,,https://cdn.shopify.com/s/files/1/0612/5083/0433/files/3ae0d6ce-295d-4b96-8e71-f686c342122b.jpg?v=1778879263,6,jpg_1500x1500_70362234,,,,,,,,,,,,,,,,,,,,,,,,,,,,,,,,,,,,,,,
filtro-agua-grifo-philips-ultra-filtracion-x-guard-digital-awp3756,,,,,,,,,,,,,,,,,,,,,,,,,,,,,,,https://cdn.shopify.com/s/files/1/0612/5083/0433/files/bc6e8910-33db-4116-b40c-3c3e84b2839f.jpg?v=1778879263,7,jpg_1500x1500_70362235,,,,,,,,,,,,,,,,,,,,,,,,,,,,,,,,,,,,,,,
filtro-agua-grifo-philips-ultra-filtracion-x-guard-digital-awp3756,,,,,,,,,,,,,,,,,,,,,,,,,,,,,,,https://cdn.shopify.com/s/files/1/0612/5083/0433/files/e086115a-603c-42da-b2c2-1f20bcf02c2e.jpg?v=1778879263,8,jpg_1500x1500_70362236,,,,,,,,,,,,,,,,,,,,,,,,,,,,,,,,,,,,,,,
filtro-agua-grifo-philips-ultra-filtracion-x-guard-digital-awp3756,,,,,,,,,,,,,,,,,,,,,,,,,,,,,,,https://cdn.shopify.com/s/files/1/0612/5083/0433/files/133a8367-c21a-4424-93bd-bb272c1b0567.jpg?v=1778879263,9,jpg_1500x1500_70362237,,,,,,,,,,,,,,,,,,,,,,,,,,,,,,,,,,,,,,,
filtro-agua-grifo-philips-ultra-filtracion-x-guard-digital-awp3756,,,,,,,,,,,,,,,,,,,,,,,,,,,,,,,https://cdn.shopify.com/s/files/1/0612/5083/0433/files/c822953c-296f-4aef-a8b7-03e02db710c5.jpg?v=1778879263,10,jpg_1500x1500_69351149,,,,,,,,,,,,,,,,,,,,,,,,,,,,,,,,,,,,,,,
filtro-agua-grifo-philips-ultra-filtracion-x-guard-digital-awp3756,,,,,,,,,,,,,,,,,,,,,,,,,,,,,,,https://cdn.shopify.com/s/files/1/0612/5083/0433/files/34df2ee5-7788-4b7c-a701-0f0dd11338c5.jpg?v=1778879263,11,jpg_1500x1500_70362240,,,,,,,,,,,,,,,,,,,,,,,,,,,,,,,,,,,,,,,
filtro-agua-grifo-philips-ultra-filtracion-x-guard-digital-awp3756,,,,,,,,,,,,,,,,,,,,,,,,,,,,,,,https://cdn.shopify.com/s/files/1/0612/5083/0433/files/cb9bcf20-5178-4af7-bcd5-307e81f7a484.jpg?v=1778879263,12,jpg_1500x1500_70362243,,,,,,,,,,,,,,,,,,,,,,,,,,,,,,,,,,,,,,,
